Sample no,sin(x),Inclinometer Y,Inclinometer Y (-256; 256)
1,0,0,0
2,0.01,0,0
3,0.01,0,0
4,0.02,0,0
5,0.02,0,0
6,0.03,0,0
7,0.03,0,0
8,0.04,0,0
9,0.04,0,0
10,0.05,0,0
11,0.05,0,0
12,0.06,0,0
13,0.06,0,0
14,0.07,0,0
15,0.07,0,0
16,0.08,0,0
17,0.08,0,0
18,0.09,0,0
19,0.09,0,0
20,0.1,0,0
21,0.1,0,0
22,0.1,0,0
23,0.11,0,0
24,0.11,0,0
25,0.12,0,0
26,0.12,0,0
27,0.13,0,0
28,0.13,0,0
29,0.14,0,0
30,0.14,0,0
31,0.15,0,0
32,0.15,0,0
33,0.16,0,0
34,0.16,0,0
35,0.17,0,0
36,0.17,0,0
37,0.17,0,0
38,0.18,0,0
39,0.18,0,0
40,0.19,0,0
41,0.19,0,0
42,0.2,0,0
43,0.2,0,0
44,0.21,0,0
45,0.21,0,0
46,0.22,0,0
47,0.22,0,0
48,0.23,0,0
49,0.23,0,0
50,0.23,0,0
51,0.24,0,0
52,0.24,0,0
53,0.25,0,0
54,0.25,0,0
55,0.26,0,0
56,0.26,0,0
57,0.27,0,0
58,0.27,0,0
59,0.27,0,0
60,0.28,0,0
61,0.28,0,0
62,0.29,0,0
63,0.29,0,0
64,0.3,0,0
65,0.3,0,0
66,0.31,0,0
67,0.31,0,0
68,0.31,0,0
69,0.32,0,0
70,0.32,0,0
71,0.33,0,0
72,0.33,0,0
73,0.34,0,0
74,0.34,0,0
75,0.34,0,0
76,0.35,0,0
77,0.35,0,0
78,0.36,0,0
79,0.36,0,0
80,0.36,0,0
81,0.37,0,0
82,0.37,0,0
83,0.38,0,0
84,0.38,0,0
85,0.39,0,0
86,0.39,0,0
87,0.39,0,0
88,0.4,0,0
89,0.4,0,0
90,0.41,0,0
91,0.41,0,0
92,0.41,0,0
93,0.42,0,0
94,0.42,0,0
95,0.43,0,0
96,0.43,0,0
97,0.43,0,0
98,0.44,0,0
99,0.44,0,0
100,0.44,0,0
101,0.45,0,0
102,0.45,0,0
103,0.46,0,0
104,0.46,0,0
105,0.46,0,0
106,0.47,0,0
107,0.47,0,0
108,0.47,0,0
109,0.48,0,0
110,0.48,0,0
111,0.49,0,0
112,0.49,0,0
113,0.49,0,0
114,0.5,0,0
115,0.5,0,0
116,0.5,0,0
117,0.51,0,0
118,0.51,0,0
119,0.51,0,0
120,0.52,0,0
121,0.52,0,0
122,0.52,0,0
123,0.53,0,0
124,0.53,0,0
125,0.53,0,0
126,0.54,0,0
127,0.54,0,0
128,0.54,0,0
129,0.55,0,0
130,0.55,0,0
131,0.55,0,0
132,0.56,0,0
133,0.56,0,0
134,0.56,0,0
135,0.57,0,0
136,0.57,0,0
137,0.57,0,0
138,0.58,0,0
139,0.58,0,0
140,0.58,0,0
141,0.59,0,0
142,0.59,0,0
143,0.59,0,0
144,0.59,0,0
145,0.6,0,0
146,0.6,0,0
147,0.6,0,0
148,0.61,0,0
149,0.61,0,0
150,0.61,0,0
151,0.61,6,6
152,0.62,5,5
153,0.62,5,5
154,0.62,5,5
155,0.62,5,5
156,0.63,5,5
157,0.63,5,5
158,0.63,5,5
159,0.64,5,5
160,0.64,5,5
161,0.64,5,5
162,0.64,5,5
163,0.65,5,5
164,0.65,5,5
165,0.65,5,5
166,0.65,5,5
167,0.65,5,5
168,0.66,5,5
169,0.66,5,5
170,0.66,5,5
171,0.66,5,5
172,0.67,4,4
173,0.67,4,4
174,0.67,4,4
175,0.67,4,4
176,0.67,4,4
177,0.68,4,4
178,0.68,4,4
179,0.68,4,4
180,0.68,4,4
181,0.68,4,4
182,0.69,4,4
183,0.69,4,4
184,0.69,4,4
185,0.69,4,4
186,0.69,5,5
187,0.7,5,5
188,0.7,5,5
189,0.7,5,5
190,0.7,5,5
191,0.7,5,5
192,0.7,5,5
193,0.71,5,5
194,0.71,4,4
195,0.71,4,4
196,0.71,4,4
197,0.71,4,4
198,0.71,4,4
199,0.72,4,4
200,0.72,4,4
201,0.72,4,4
202,0.72,4,4
203,0.72,4,4
204,0.72,4,4
205,0.72,4,4
206,0.72,4,4
207,0.73,4,4
208,0.73,4,4
209,0.73,4,4
210,0.73,4,4
211,0.73,4,4
212,0.73,4,4
213,0.73,4,4
214,0.73,4,4
215,0.73,4,4
216,0.74,4,4
217,0.74,4,4
218,0.74,4,4
219,0.74,4,4
220,0.74,4,4
221,0.74,4,4
222,0.74,4,4
223,0.74,4,4
224,0.74,4,4
225,0.74,5,5
226,0.74,5,5
227,0.74,5,5
228,0.74,5,5
229,0.75,5,5
230,0.75,5,5
231,0.75,5,5
232,0.75,5,5
233,0.75,5,5
234,0.75,5,5
235,0.75,5,5
236,0.75,5,5
237,0.75,5,5
238,0.75,5,5
239,0.75,5,5
240,0.75,5,5
241,0.75,5,5
242,0.75,5,5
243,0.75,5,5
244,0.75,5,5
245,0.75,5,5
246,0.75,5,5
247,0.75,5,5
248,0.75,5,5
249,0.75,5,5
250,0.75,5,5
251,0.75,5,5
252,0.75,5,5
253,0.75,5,5
254,0.75,5,5
255,0.75,5,5
256,0.75,5,5
257,0.75,5,5
258,0.75,5,5
259,0.75,5,5
260,0.75,5,5
261,0.75,5,5
262,0.75,5,5
263,0.75,5,5
264,0.75,5,5
265,0.74,5,5
266,0.74,5,5
267,0.74,5,5
268,0.74,5,5
269,0.74,5,5
270,0.74,5,5
271,0.74,5,5
272,0.74,5,5
273,0.74,5,5
274,0.74,5,5
275,0.74,5,5
276,0.74,5,5
277,0.74,5,5
278,0.74,5,5
279,0.73,5,5
280,0.73,5,5
281,0.73,5,5
282,0.73,5,5
283,0.73,5,5
284,0.73,5,5
285,0.73,5,5
286,0.73,5,5
287,0.73,5,5
288,0.72,5,5
289,0.72,5,5
290,0.72,5,5
291,0.72,5,5
292,0.72,5,5
293,0.72,5,5
294,0.72,5,5
295,0.71,5,5
296,0.71,5,5
297,0.71,5,5
298,0.71,5,5
299,0.71,5,5
300,0.71,5,5
301,0.71,5,5
302,0.7,5,5
303,0.7,5,5
304,0.7,5,5
305,0.7,5,5
306,0.7,5,5
307,0.7,5,5
308,0.69,5,5
309,0.69,5,5
310,0.69,5,5
311,0.69,5,5
312,0.69,5,5
313,0.68,5,5
314,0.68,5,5
315,0.68,5,5
316,0.68,5,5
317,0.68,5,5
318,0.67,5,5
319,0.67,5,5
320,0.67,5,5
321,0.67,5,5
322,0.67,5,5
323,0.66,5,5
324,0.66,5,5
325,0.66,5,5
326,0.66,5,5
327,0.65,5,5
328,0.65,5,5
329,0.65,5,5
330,0.65,5,5
331,0.64,5,5
332,0.64,5,5
333,0.64,5,5
334,0.64,5,5
335,0.63,5,5
336,0.63,5,5
337,0.63,4,4
338,0.63,4,4
339,0.62,4,4
340,0.62,4,4
341,0.62,4,4
342,0.62,4,4
343,0.61,4,4
344,0.61,4,4
345,0.61,4,4
346,0.61,4,4
347,0.6,4,4
348,0.6,4,4
349,0.6,4,4
350,0.59,4,4
351,0.59,4,4
352,0.59,4,4
353,0.58,4,4
354,0.58,4,4
355,0.58,4,4
356,0.58,4,4
357,0.57,3,3
358,0.57,3,3
359,0.57,3,3
360,0.56,3,3
361,0.56,3,3
362,0.56,2,2
363,0.55,2,2
364,0.55,1,1
365,0.55,1,1
366,0.54,0,0
367,0.54,0,0
368,0.54,0,0
369,0.53,0,0
370,0.53,255,-1
371,0.53,255,-1
372,0.52,254,-2
373,0.52,254,-2
374,0.52,253,-3
375,0.51,252,-4
376,0.51,252,-4
377,0.51,251,-5
378,0.5,251,-5
379,0.5,250,-6
380,0.49,250,-6
381,0.49,249,-7
382,0.49,249,-7
383,0.48,249,-7
384,0.48,249,-7
385,0.48,249,-7
386,0.47,249,-7
387,0.47,249,-7
388,0.46,248,-8
389,0.46,248,-8
390,0.46,248,-8
391,0.45,248,-8
392,0.45,248,-8
393,0.44,248,-8
394,0.44,248,-8
395,0.44,248,-8
396,0.43,248,-8
397,0.43,248,-8
398,0.42,248,-8
399,0.42,248,-8
400,0.42,247,-9
401,0.41,247,-9
402,0.41,247,-9
403,0.4,247,-9
404,0.4,247,-9
405,0.4,247,-9
406,0.39,247,-9
407,0.39,247,-9
408,0.38,247,-9
409,0.38,247,-9
410,0.37,247,-9
411,0.37,247,-9
412,0.37,247,-9
413,0.36,247,-9
414,0.36,247,-9
415,0.35,247,-9
416,0.35,247,-9
417,0.34,247,-9
418,0.34,247,-9
419,0.34,247,-9
420,0.33,247,-9
421,0.33,247,-9
422,0.32,247,-9
423,0.32,247,-9
424,0.31,247,-9
425,0.31,247,-9
426,0.3,247,-9
427,0.3,247,-9
428,0.29,247,-9
429,0.29,247,-9
430,0.29,247,-9
431,0.28,247,-9
432,0.28,246,-10
433,0.27,246,-10
434,0.27,246,-10
435,0.26,246,-10
436,0.26,246,-10
437,0.25,246,-10
438,0.25,246,-10
439,0.24,246,-10
440,0.24,245,-11
441,0.23,245,-11
442,0.23,245,-11
443,0.23,244,-12
444,0.22,244,-12
445,0.22,244,-12
446,0.21,243,-13
447,0.21,243,-13
448,0.2,243,-13
449,0.2,242,-14
450,0.19,242,-14
451,0.19,242,-14
452,0.18,241,-15
453,0.18,241,-15
454,0.17,241,-15
455,0.17,241,-15
456,0.16,240,-16
457,0.16,240,-16
458,0.15,240,-16
459,0.15,240,-16
460,0.14,239,-17
461,0.14,239,-17
462,0.13,239,-17
463,0.13,239,-17
464,0.12,239,-17
465,0.12,239,-17
466,0.11,239,-17
467,0.11,239,-17
468,0.11,239,-17
469,0.1,239,-17
470,0.1,238,-18
471,0.09,238,-18
472,0.09,238,-18
473,0.08,238,-18
474,0.08,238,-18
475,0.07,238,-18
476,0.07,238,-18
477,0.06,238,-18
478,0.06,238,-18
479,0.05,239,-17
480,0.05,239,-17
481,0.04,239,-17
482,0.04,239,-17
483,0.03,239,-17
484,0.03,239,-17
485,0.02,239,-17
486,0.02,239,-17
487,0.01,239,-17
488,0.01,239,-17
489,0,239,-17
490,0,239,-17
491,-0.01,240,-16
492,-0.01,240,-16
493,-0.02,240,-16
494,-0.02,240,-16
495,-0.03,240,-16
496,-0.03,240,-16
497,-0.04,241,-15
498,-0.04,241,-15
499,-0.05,241,-15
500,-0.05,241,-15
501,-0.06,242,-14
502,-0.06,242,-14
503,-0.07,242,-14
504,-0.07,242,-14
505,-0.08,242,-14
506,-0.08,242,-14
507,-0.09,243,-13
508,-0.09,243,-13
509,-0.1,243,-13
510,-0.1,243,-13
511,-0.11,243,-13
512,-0.11,243,-13
513,-0.12,243,-13
514,-0.12,243,-13
515,-0.13,244,-12
516,-0.13,244,-12
517,-0.14,244,-12
518,-0.14,244,-12
519,-0.15,244,-12
520,-0.15,244,-12
521,-0.16,244,-12
522,-0.16,244,-12
523,-0.17,244,-12
524,-0.17,244,-12
525,-0.18,244,-12
526,-0.18,244,-12
527,-0.19,244,-12
528,-0.19,244,-12
529,-0.2,244,-12
530,-0.2,244,-12
531,-0.21,243,-13
532,-0.21,243,-13
533,-0.22,243,-13
534,-0.22,243,-13
535,-0.23,243,-13
536,-0.23,242,-14
537,-0.23,242,-14
538,-0.24,242,-14
539,-0.24,241,-15
540,-0.25,241,-15
541,-0.25,241,-15
542,-0.26,240,-16
543,-0.26,240,-16
544,-0.27,239,-17
545,-0.27,239,-17
546,-0.28,239,-17
547,-0.28,238,-18
548,-0.29,238,-18
549,-0.29,237,-19
550,-0.3,237,-19
551,-0.3,237,-19
552,-0.3,237,-19
553,-0.31,236,-20
554,-0.31,236,-20
555,-0.32,236,-20
556,-0.32,236,-20
557,-0.33,235,-21
558,-0.33,235,-21
559,-0.34,235,-21
560,-0.34,235,-21
561,-0.35,235,-21
562,-0.35,235,-21
563,-0.35,235,-21
564,-0.36,235,-21
565,-0.36,235,-21
566,-0.37,235,-21
567,-0.37,235,-21
568,-0.38,235,-21
569,-0.38,235,-21
570,-0.38,235,-21
571,-0.39,235,-21
572,-0.39,236,-20
573,-0.4,236,-20
574,-0.4,236,-20
575,-0.41,237,-19
576,-0.41,237,-19
577,-0.41,237,-19
578,-0.42,237,-19
579,-0.42,237,-19
580,-0.43,238,-18
581,-0.43,238,-18
582,-0.44,238,-18
583,-0.44,239,-17
584,-0.44,239,-17
585,-0.45,239,-17
586,-0.45,240,-16
587,-0.46,240,-16
588,-0.46,240,-16
589,-0.46,240,-16
590,-0.47,241,-15
591,-0.47,241,-15
592,-0.48,241,-15
593,-0.48,241,-15
594,-0.48,241,-15
595,-0.49,242,-14
596,-0.49,242,-14
597,-0.49,242,-14
598,-0.5,242,-14
599,-0.5,242,-14
600,-0.51,242,-14
601,-0.51,242,-14
602,-0.51,242,-14
603,-0.52,241,-15
604,-0.52,241,-15
605,-0.52,241,-15
606,-0.53,241,-15
607,-0.53,241,-15
608,-0.53,240,-16
609,-0.54,240,-16
610,-0.54,239,-17
611,-0.54,239,-17
612,-0.55,238,-18
613,-0.55,238,-18
614,-0.56,238,-18
615,-0.56,237,-19
616,-0.56,237,-19
617,-0.57,236,-20
618,-0.57,236,-20
619,-0.57,235,-21
620,-0.57,234,-22
621,-0.58,234,-22
622,-0.58,233,-23
623,-0.58,233,-23
624,-0.59,232,-24
625,-0.59,232,-24
626,-0.59,231,-25
627,-0.6,231,-25
628,-0.6,231,-25
629,-0.6,230,-26
630,-0.61,230,-26
631,-0.61,230,-26
632,-0.61,229,-27
633,-0.61,229,-27
634,-0.62,229,-27
635,-0.62,229,-27
636,-0.62,229,-27
637,-0.63,228,-28
638,-0.63,228,-28
639,-0.63,228,-28
640,-0.63,228,-28
641,-0.64,228,-28
642,-0.64,229,-27
643,-0.64,229,-27
644,-0.64,229,-27
645,-0.65,229,-27
646,-0.65,229,-27
647,-0.65,230,-26
648,-0.65,230,-26
649,-0.66,230,-26
650,-0.66,231,-25
651,-0.66,231,-25
652,-0.66,232,-24
653,-0.67,232,-24
654,-0.67,233,-23
655,-0.67,233,-23
656,-0.67,234,-22
657,-0.68,234,-22
658,-0.68,235,-21
659,-0.68,236,-20
660,-0.68,236,-20
661,-0.68,237,-19
662,-0.69,237,-19
663,-0.69,238,-18
664,-0.69,239,-17
665,-0.69,240,-16
666,-0.69,240,-16
667,-0.7,241,-15
668,-0.7,241,-15
669,-0.7,242,-14
670,-0.7,242,-14
671,-0.7,242,-14
672,-0.7,243,-13
673,-0.71,243,-13
674,-0.71,243,-13
675,-0.71,243,-13
676,-0.71,244,-12
677,-0.71,244,-12
678,-0.71,244,-12
679,-0.72,244,-12
680,-0.72,243,-13
681,-0.72,243,-13
682,-0.72,243,-13
683,-0.72,243,-13
684,-0.72,242,-14
685,-0.72,242,-14
686,-0.73,242,-14
687,-0.73,241,-15
688,-0.73,241,-15
689,-0.73,240,-16
690,-0.73,240,-16
691,-0.73,239,-17
692,-0.73,238,-18
693,-0.73,238,-18
694,-0.73,236,-20
695,-0.74,236,-20
696,-0.74,236,-20
697,-0.74,234,-22
698,-0.74,233,-23
699,-0.74,233,-23
700,-0.74,232,-24
701,-0.74,231,-25
702,-0.74,230,-26
703,-0.74,229,-27
704,-0.74,229,-27
705,-0.74,228,-28
706,-0.74,227,-29
707,-0.75,226,-30
708,-0.75,226,-30
709,-0.75,224,-32
710,-0.75,224,-32
711,-0.75,223,-33
712,-0.75,223,-33
713,-0.75,223,-33
714,-0.75,222,-34
715,-0.75,222,-34
716,-0.75,222,-34
717,-0.75,221,-35
718,-0.75,221,-35
719,-0.75,221,-35
720,-0.75,221,-35
721,-0.75,221,-35
722,-0.75,222,-34
723,-0.75,222,-34
724,-0.75,222,-34
725,-0.75,223,-33
726,-0.75,223,-33
727,-0.75,224,-32
728,-0.75,224,-32
729,-0.75,225,-31
730,-0.75,226,-30
731,-0.75,227,-29
732,-0.75,227,-29
733,-0.75,228,-28
734,-0.75,229,-27
735,-0.75,230,-26
736,-0.75,231,-25
737,-0.75,232,-24
738,-0.75,233,-23
739,-0.75,236,-20
740,-0.75,237,-19
741,-0.75,238,-18
742,-0.74,239,-17
743,-0.74,239,-17
744,-0.74,241,-15
745,-0.74,242,-14
746,-0.74,243,-13
747,-0.74,245,-11
748,-0.74,246,-10
749,-0.74,247,-9
750,-0.74,247,-9
751,-0.74,248,-8
752,-0.74,249,-7
753,-0.74,250,-6
754,-0.74,251,-5
755,-0.73,252,-4
756,-0.73,252,-4
757,-0.73,252,-4
758,-0.73,253,-3
759,-0.73,253,-3
760,-0.73,253,-3
761,-0.73,254,-2
762,-0.73,253,-3
763,-0.72,253,-3
764,-0.72,253,-3
765,-0.72,253,-3
766,-0.72,253,-3
767,-0.72,252,-4
768,-0.72,251,-5
769,-0.72,251,-5
770,-0.72,250,-6
771,-0.71,250,-6
772,-0.71,248,-8
773,-0.71,248,-8
774,-0.71,247,-9
775,-0.71,246,-10
776,-0.71,245,-11
777,-0.7,244,-12
778,-0.7,243,-13
779,-0.7,242,-14
780,-0.7,240,-16
781,-0.7,240,-16
782,-0.69,238,-18
783,-0.69,237,-19
784,-0.69,235,-21
785,-0.69,235,-21
786,-0.69,232,-24
787,-0.68,231,-25
788,-0.68,230,-26
789,-0.68,229,-27
790,-0.68,228,-28
791,-0.68,226,-30
792,-0.67,225,-31
793,-0.67,224,-32
794,-0.67,223,-33
795,-0.67,222,-34
796,-0.67,221,-35
797,-0.66,221,-35
798,-0.66,219,-37
799,-0.66,219,-37
800,-0.66,218,-38
801,-0.65,217,-39
802,-0.65,216,-40
803,-0.65,216,-40
804,-0.65,216,-40
805,-0.64,216,-40
806,-0.64,215,-41
807,-0.64,215,-41
808,-0.64,215,-41
809,-0.63,215,-41
810,-0.63,216,-40
811,-0.63,216,-40
812,-0.62,216,-40
813,-0.62,217,-39
814,-0.62,217,-39
815,-0.62,219,-37
816,-0.61,220,-36
817,-0.61,221,-35
818,-0.61,221,-35
819,-0.6,223,-33
820,-0.6,224,-32
821,-0.6,226,-30
822,-0.6,227,-29
823,-0.59,228,-28
824,-0.59,230,-26
825,-0.59,231,-25
826,-0.58,233,-23
827,-0.58,235,-21
828,-0.58,238,-18
829,-0.57,240,-16
830,-0.57,241,-15
831,-0.57,243,-13
832,-0.56,243,-13
833,-0.56,246,-10
834,-0.56,248,-8
835,-0.55,249,-7
836,-0.55,251,-5
837,-0.55,252,-4
838,-0.54,253,-3
839,-0.54,255,-1
840,-0.54,0,0
841,-0.53,0,0
842,-0.53,1,1
843,-0.53,1,1
844,-0.52,2,2
845,-0.52,3,3
846,-0.52,3,3
847,-0.51,3,3
848,-0.51,3,3
849,-0.5,2,2
850,-0.5,2,2
851,-0.5,2,2
852,-0.49,0,0
853,-0.49,0,0
854,-0.49,255,-1
855,-0.48,254,-2
856,-0.48,253,-3
857,-0.47,252,-4
858,-0.47,251,-5
859,-0.47,249,-7
860,-0.46,248,-8
861,-0.46,246,-10
862,-0.45,245,-11
863,-0.45,243,-13
864,-0.45,242,-14
865,-0.44,240,-16
866,-0.44,237,-19
867,-0.43,235,-21
868,-0.43,233,-23
869,-0.43,231,-25
870,-0.42,231,-25
871,-0.42,228,-28
872,-0.41,226,-30
873,-0.41,225,-31
874,-0.41,223,-33
875,-0.4,221,-35
876,-0.4,220,-36
877,-0.39,218,-38
878,-0.39,217,-39
879,-0.38,215,-41
880,-0.38,213,-43
881,-0.38,211,-45
882,-0.37,210,-46
883,-0.37,209,-47
884,-0.36,209,-47
885,-0.36,207,-49
886,-0.35,207,-49
887,-0.35,206,-50
888,-0.34,206,-50
889,-0.34,205,-51
890,-0.34,205,-51
891,-0.33,205,-51
892,-0.33,204,-52
893,-0.32,205,-51
894,-0.32,205,-51
895,-0.31,205,-51
896,-0.31,206,-50
897,-0.3,206,-50
898,-0.3,206,-50
899,-0.29,208,-48
900,-0.29,209,-47
901,-0.29,210,-46
902,-0.28,212,-44
903,-0.28,213,-43
904,-0.27,214,-42
905,-0.27,216,-40
906,-0.26,218,-38
907,-0.26,219,-37
908,-0.25,221,-35
909,-0.25,223,-33
910,-0.24,227,-29
911,-0.24,230,-26
912,-0.23,230,-26
913,-0.23,234,-22
914,-0.22,236,-20
915,-0.22,239,-17
916,-0.21,241,-15
917,-0.21,243,-13
918,-0.21,245,-11
919,-0.2,248,-8
920,-0.2,250,-6
921,-0.19,252,-4
922,-0.19,254,-2
923,-0.18,255,-1
924,-0.18,0,0
925,-0.17,2,2
926,-0.17,4,4
927,-0.16,6,6
928,-0.16,7,7
929,-0.15,8,8
930,-0.15,9,9
931,-0.14,9,9
932,-0.14,11,11
933,-0.13,11,11
934,-0.13,12,12
935,-0.12,12,12
936,-0.12,12,12
937,-0.11,12,12
938,-0.11,13,13
939,-0.1,13,13
940,-0.1,13,13
941,-0.09,13,13
942,-0.09,13,13
943,-0.08,12,12
944,-0.08,12,12
945,-0.07,12,12
946,-0.07,12,12
947,-0.06,12,12
948,-0.06,10,10
949,-0.06,8,8
950,-0.05,8,8
951,-0.05,6,6
952,-0.04,4,4
953,-0.04,3,3
954,-0.03,1,1
955,-0.03,1,1
956,-0.02,255,-1
957,-0.02,253,-3
958,-0.01,251,-5
959,-0.01,249,-7
960,0,247,-9
961,0,246,-10
962,0.01,244,-12
963,0.01,242,-14
964,0.02,240,-16
965,0.02,238,-18
966,0.03,237,-19
967,0.03,235,-21
968,0.04,233,-23
969,0.04,232,-24
970,0.05,230,-26
971,0.05,227,-29
972,0.06,226,-30
973,0.06,224,-32
974,0.07,224,-32
975,0.07,221,-35
976,0.08,220,-36
977,0.08,219,-37
978,0.09,218,-38
979,0.09,217,-39
980,0.1,216,-40
981,0.1,215,-41
982,0.11,214,-42
983,0.11,214,-42
984,0.12,213,-43
985,0.12,213,-43
986,0.13,212,-44
987,0.13,212,-44
988,0.14,212,-44
989,0.14,212,-44
990,0.15,212,-44
991,0.15,212,-44
992,0.16,213,-43
993,0.16,213,-43
994,0.17,213,-43
995,0.17,213,-43
996,0.17,213,-43
997,0.18,213,-43
998,0.18,213,-43
999,0.19,213,-43
1000,0.19,213,-43
1001,0.2,213,-43
1002,0.2,213,-43
1003,0.21,213,-43
1004,0.21,213,-43
1005,0.22,213,-43
1006,0.22,213,-43
1007,0.23,213,-43
1008,0.23,213,-43
1009,0.24,213,-43
1010,0.24,213,-43
1011,0.25,213,-43
1012,0.25,213,-43
1013,0.25,213,-43
1014,0.26,213,-43
1015,0.26,213,-43
1016,0.27,213,-43
1017,0.27,213,-43
1018,0.28,213,-43
1019,0.28,213,-43
1020,0.29,213,-43
1021,0.29,213,-43
1022,0.3,213,-43
1023,0.3,213,-43
1024,0.3,213,-43
1025,0.31,213,-43
1026,0.31,213,-43
1027,0.32,213,-43
1028,0.32,213,-43
1029,0.33,213,-43
1030,0.33,213,-43
1031,0.34,213,-43
1032,0.34,213,-43
1033,0.34,213,-43
1034,0.35,213,-43
1035,0.35,213,-43
1036,0.36,213,-43
1037,0.36,213,-43
1038,0.37,213,-43
1039,0.37,213,-43
1040,0.38,213,-43
1041,0.38,213,-43
1042,0.38,213,-43
1043,0.39,213,-43
1044,0.39,213,-43
1045,0.4,213,-43
1046,0.4,213,-43
1047,0.4,213,-43
1048,0.41,213,-43
1049,0.41,213,-43
1050,0.42,213,-43
1051,0.42,213,-43
1052,0.43,213,-43
1053,0.43,213,-43
1054,0.43,213,-43
1055,0.44,213,-43
1056,0.44,213,-43
1057,0.45,213,-43
1058,0.45,213,-43
1059,0.45,213,-43
1060,0.46,213,-43
1061,0.46,213,-43
1062,0.46,213,-43
1063,0.47,213,-43
1064,0.47,213,-43
1065,0.48,213,-43
1066,0.48,213,-43
1067,0.48,213,-43
1068,0.49,213,-43
1069,0.49,213,-43
1070,0.5,213,-43
1071,0.5,213,-43
1072,0.5,213,-43
1073,0.51,213,-43
1074,0.51,213,-43
1075,0.51,213,-43
1076,0.52,213,-43
1077,0.52,213,-43
1078,0.52,213,-43
1079,0.53,213,-43
1080,0.53,213,-43
1081,0.53,213,-43
1082,0.54,213,-43
1083,0.54,213,-43
1084,0.54,213,-43
1085,0.55,213,-43
1086,0.55,213,-43
1087,0.55,213,-43
1088,0.56,213,-43
1089,0.56,213,-43
1090,0.56,213,-43
1091,0.57,213,-43
1092,0.57,213,-43
1093,0.57,213,-43
1094,0.58,213,-43
1095,0.58,213,-43
1096,0.58,213,-43
1097,0.59,213,-43
1098,0.59,213,-43
1099,0.59,213,-43
1100,0.6,213,-43
1101,0.6,213,-43
1102,0.6,213,-43
1103,0.6,213,-43
1104,0.61,213,-43
1105,0.61,213,-43
1106,0.61,213,-43
1107,0.62,213,-43
1108,0.62,213,-43
1109,0.62,213,-43
1110,0.62,213,-43
1111,0.63,213,-43
1112,0.63,213,-43
1113,0.63,213,-43
1114,0.64,213,-43
1115,0.64,213,-43
1116,0.64,213,-43
1117,0.64,213,-43
1118,0.65,213,-43
1119,0.65,213,-43
1120,0.65,213,-43
1121,0.65,213,-43
1122,0.66,213,-43
1123,0.66,213,-43
1124,0.66,213,-43
1125,0.66,213,-43
1126,0.66,213,-43
1127,0.67,213,-43
1128,0.67,213,-43
1129,0.67,213,-43
1130,0.67,213,-43
1131,0.68,213,-43
1132,0.68,213,-43
1133,0.68,213,-43
1134,0.68,213,-43
1135,0.68,213,-43
1136,0.69,213,-43
1137,0.69,213,-43
1138,0.69,213,-43
1139,0.69,213,-43
1140,0.69,213,-43
1141,0.7,213,-43
1142,0.7,213,-43
1143,0.7,213,-43
1144,0.7,213,-43
1145,0.7,12,12
1146,0.7,10,10
1147,0.71,8,8
1148,0.71,6,6
1149,0.71,4,4
1150,0.71,2,2
1151,0.71,255,-1
1152,0.71,255,-1
1153,0.72,251,-5
1154,0.72,249,-7
1155,0.72,247,-9
1156,0.72,245,-11
1157,0.72,245,-11
1158,0.72,242,-14
1159,0.72,240,-16
1160,0.72,239,-17
1161,0.73,237,-19
1162,0.73,236,-20
1163,0.73,234,-22
1164,0.73,234,-22
1165,0.73,234,-22
1166,0.73,234,-22
1167,0.73,234,-22
1168,0.73,234,-22
1169,0.73,234,-22
1170,0.74,234,-22
1171,0.74,234,-22
1172,0.74,234,-22
1173,0.74,234,-22
1174,0.74,234,-22
1175,0.74,234,-22
1176,0.74,234,-22
1177,0.74,234,-22
1178,0.74,234,-22
1179,0.74,234,-22
1180,0.74,234,-22
1181,0.74,234,-22
1182,0.75,234,-22
1183,0.75,234,-22
1184,0.75,234,-22
1185,0.75,234,-22
1186,0.75,234,-22
1187,0.75,234,-22
1188,0.75,234,-22
1189,0.75,234,-22
1190,0.75,234,-22
1191,0.75,234,-22
1192,0.75,234,-22
1193,0.75,234,-22
1194,0.75,234,-22
1195,0.75,234,-22
1196,0.75,234,-22
1197,0.75,234,-22
1198,0.75,234,-22
1199,0.75,234,-22
1200,0.75,234,-22
1201,0.75,234,-22
1202,0.75,234,-22
1203,0.75,234,-22
1204,0.75,234,-22
1205,0.75,234,-22
1206,0.75,234,-22
1207,0.75,234,-22
1208,0.75,234,-22
1209,0.75,234,-22
1210,0.75,234,-22
1211,0.75,234,-22
1212,0.75,234,-22
1213,0.75,234,-22
1214,0.75,234,-22
1215,0.75,234,-22
1216,0.75,234,-22
1217,0.75,234,-22
1218,0.74,234,-22
1219,0.74,234,-22
1220,0.74,234,-22
1221,0.74,234,-22
1222,0.74,234,-22
1223,0.74,234,-22
1224,0.74,234,-22
1225,0.74,234,-22
1226,0.74,234,-22
1227,0.74,234,-22
1228,0.74,234,-22
1229,0.74,234,-22
1230,0.74,234,-22
1231,0.73,234,-22
1232,0.73,234,-22
1233,0.73,234,-22
1234,0.73,234,-22
1235,0.73,234,-22
1236,0.73,234,-22
1237,0.73,234,-22
1238,0.73,234,-22
1239,0.73,234,-22
1240,0.72,234,-22
1241,0.72,234,-22
1242,0.72,234,-22
1243,0.72,234,-22
1244,0.72,234,-22
1245,0.72,234,-22
1246,0.72,234,-22
1247,0.71,234,-22
1248,0.71,234,-22
1249,0.71,234,-22
1250,0.71,234,-22
1251,0.71,234,-22
1252,0.71,234,-22
1253,0.7,234,-22
1254,0.7,234,-22
1255,0.7,234,-22
1256,0.7,234,-22
1257,0.7,234,-22
1258,0.7,234,-22
1259,0.69,234,-22
1260,0.69,234,-22
1261,0.69,234,-22
1262,0.69,234,-22
1263,0.69,234,-22
1264,0.68,234,-22
1265,0.68,234,-22
1266,0.68,234,-22
1267,0.68,234,-22
1268,0.68,234,-22
1269,0.67,234,-22
1270,0.67,234,-22
1271,0.67,234,-22
1272,0.67,234,-22
1273,0.66,234,-22
1274,0.66,234,-22
1275,0.66,234,-22
1276,0.66,234,-22
1277,0.66,234,-22
1278,0.65,234,-22
1279,0.65,234,-22
1280,0.65,234,-22
1281,0.65,234,-22
1282,0.64,234,-22
1283,0.64,234,-22
1284,0.64,234,-22
1285,0.64,234,-22
1286,0.63,234,-22
1287,0.63,234,-22
1288,0.63,234,-22
1289,0.62,234,-22
1290,0.62,234,-22
1291,0.62,234,-22
1292,0.62,234,-22
1293,0.61,234,-22
1294,0.61,234,-22
1295,0.61,234,-22
1296,0.6,234,-22
1297,0.6,234,-22
1298,0.6,234,-22
1299,0.6,234,-22
1300,0.59,234,-22
1301,0.59,234,-22
1302,0.59,234,-22
1303,0.58,234,-22
1304,0.58,234,-22
1305,0.58,234,-22
1306,0.57,234,-22
1307,0.57,234,-22
1308,0.57,234,-22
1309,0.56,234,-22
1310,0.56,234,-22
1311,0.56,234,-22
1312,0.55,234,-22
1313,0.55,234,-22
1314,0.55,249,-7
1315,0.54,250,-6
1316,0.54,251,-5
1317,0.54,251,-5
1318,0.53,252,-4
1319,0.53,254,-2
1320,0.53,254,-2
1321,0.52,255,-1
1322,0.52,0,0
1323,0.52,0,0
1324,0.51,0,0
1325,0.51,0,0
1326,0.51,0,0
1327,0.5,1,1
1328,0.5,1,1
1329,0.5,1,1
1330,0.49,1,1
1331,0.49,1,1
1332,0.49,1,1
1333,0.48,1,1
1334,0.48,1,1
1335,0.47,1,1
1336,0.47,0,0
1337,0.47,0,0
1338,0.46,0,0
1339,0.46,0,0
1340,0.46,0,0
1341,0.45,255,-1
1342,0.45,254,-2
1343,0.44,254,-2
1344,0.44,253,-3
1345,0.44,253,-3
1346,0.43,251,-5
1347,0.43,250,-6
1348,0.42,249,-7
1349,0.42,248,-8
1350,0.42,245,-11
1351,0.41,243,-13
1352,0.41,243,-13
1353,0.4,239,-17
1354,0.4,237,-19
1355,0.39,235,-21
1356,0.39,233,-23
1357,0.39,233,-23
1358,0.38,229,-27
1359,0.38,227,-29
1360,0.37,225,-31
1361,0.37,223,-33
1362,0.36,221,-35
1363,0.36,219,-37
1364,0.36,217,-39
1365,0.35,215,-41
1366,0.35,213,-43
1367,0.34,211,-45
1368,0.34,209,-47
1369,0.33,208,-48
1370,0.33,206,-50
1371,0.33,205,-51
1372,0.32,202,-54
1373,0.32,200,200
1374,0.31,199,199
1375,0.31,198,198
1376,0.3,198,198
1377,0.3,196,196
1378,0.29,194,194
1379,0.29,194,194
1380,0.28,193,193
1381,0.28,192,192
1382,0.28,191,191
1383,0.27,191,191
1384,0.27,191,191
1385,0.26,190,190
1386,0.26,190,190
1387,0.25,190,190
1388,0.25,190,190
1389,0.24,191,191
1390,0.24,191,191
1391,0.23,192,192
1392,0.23,193,193
1393,0.22,194,194
1394,0.22,195,195
1395,0.21,195,195
1396,0.21,197,197
1397,0.21,199,199
1398,0.2,200,200
1399,0.2,202,-54
1400,0.19,203,-53
1401,0.19,205,-51
1402,0.18,207,-49
1403,0.18,208,-48
1404,0.17,210,-46
1405,0.17,212,-44
1406,0.16,214,-42
1407,0.16,216,-40
1408,0.15,218,-38
1409,0.15,220,-36
1410,0.14,222,-34
1411,0.14,226,-30
1412,0.13,228,-28
1413,0.13,230,-26
1414,0.12,230,-26
1415,0.12,233,-23
1416,0.11,235,-21
1417,0.11,236,-20
1418,0.1,237,-19
1419,0.1,238,-18
1420,0.09,239,-17
1421,0.09,240,-16
1422,0.08,241,-15
1423,0.08,242,-14
1424,0.07,242,-14
1425,0.07,243,-13
1426,0.06,243,-13
1427,0.06,243,-13
1428,0.06,243,-13
1429,0.05,243,-13
1430,0.05,243,-13
1431,0.04,243,-13
1432,0.04,242,-14
1433,0.03,242,-14
1434,0.03,241,-15
1435,0.02,240,-16
1436,0.02,239,-17
1437,0.01,238,-18
1438,0.01,238,-18
1439,0,237,-19
1440,0,235,-21
1441,-0.01,234,-22
1442,-0.01,232,-24
1443,-0.02,231,-25
1444,-0.02,229,-27
1445,-0.03,229,-27
1446,-0.03,226,-30
1447,-0.04,225,-31
1448,-0.04,223,-33
1449,-0.05,221,-35
1450,-0.05,218,-38
1451,-0.06,216,-40
1452,-0.06,216,-40
1453,-0.07,213,-43
1454,-0.07,211,-45
1455,-0.08,209,-47
1456,-0.08,208,-48
1457,-0.09,206,-50
1458,-0.09,204,-52
1459,-0.1,202,-54
1460,-0.1,201,-55
1461,-0.11,199,199
1462,-0.11,197,197
1463,-0.12,195,195
1464,-0.12,194,194
1465,-0.13,191,191
1466,-0.13,191,191
1467,-0.14,188,188
1468,-0.14,187,187
1469,-0.15,186,186
1470,-0.15,185,185
1471,-0.16,184,184
1472,-0.16,183,183
1473,-0.17,183,183
1474,-0.17,183,183
1475,-0.18,182,182
1476,-0.18,182,182
1477,-0.19,182,182
1478,-0.19,183,183
1479,-0.2,183,183
1480,-0.2,183,183
1481,-0.21,185,185
1482,-0.21,186,186
1483,-0.22,187,187
1484,-0.22,188,188
1485,-0.23,189,189
1486,-0.23,191,191
1487,-0.24,192,192
1488,-0.24,194,194
1489,-0.25,196,196
1490,-0.25,198,198
1491,-0.25,200,200
1492,-0.26,202,-54
1493,-0.26,205,-51
1494,-0.27,207,-49
1495,-0.27,212,-44
1496,-0.28,214,-42
1497,-0.28,217,-39
1498,-0.29,220,-36
1499,-0.29,220,-36
1500,-0.3,225,-31
1501,-0.3,227,-29
1502,-0.31,230,-26
1503,-0.31,232,-24
1504,-0.32,234,-22
1505,-0.32,237,-19
1506,-0.32,239,-17
1507,-0.33,241,-15
1508,-0.33,242,-14
1509,-0.34,245,-11
1510,-0.34,247,-9
1511,-0.35,248,-8
1512,-0.35,249,-7
1513,-0.36,249,-7
1514,-0.36,251,-5
1515,-0.36,251,-5
1516,-0.37,252,-4
1517,-0.37,252,-4
1518,-0.38,253,-3
1519,-0.38,253,-3
1520,-0.39,254,-2
1521,-0.39,254,-2
1522,-0.39,255,-1
1523,-0.4,255,-1
1524,-0.4,255,-1
1525,-0.41,255,-1
1526,-0.41,255,-1
1527,-0.42,255,-1
1528,-0.42,255,-1
1529,-0.42,254,-2
1530,-0.43,254,-2
1531,-0.43,254,-2
1532,-0.44,253,-3
1533,-0.44,252,-4
1534,-0.44,251,-5
1535,-0.45,250,-6
1536,-0.45,249,-7
1537,-0.46,248,-8
1538,-0.46,246,-10
1539,-0.46,243,-13
1540,-0.47,242,-14
1541,-0.47,242,-14
1542,-0.48,239,-17
1543,-0.48,238,-18
1544,-0.48,236,-20
1545,-0.49,235,-21
1546,-0.49,234,-22
1547,-0.5,232,-24
1548,-0.5,231,-25
1549,-0.5,230,-26
1550,-0.51,228,-28
1551,-0.51,227,-29
1552,-0.51,226,-30
1553,-0.52,225,-31
1554,-0.52,223,-33
1555,-0.52,223,-33
1556,-0.53,222,-34
1557,-0.53,220,-36
1558,-0.54,220,-36
1559,-0.54,219,-37
1560,-0.54,218,-38
1561,-0.55,218,-38
1562,-0.55,217,-39
1563,-0.55,216,-40
1564,-0.56,216,-40
1565,-0.56,216,-40
1566,-0.56,215,-41
1567,-0.57,215,-41
1568,-0.57,214,-42
1569,-0.57,214,-42
1570,-0.58,214,-42
1571,-0.58,214,-42
1572,-0.58,214,-42
1573,-0.59,214,-42
1574,-0.59,214,-42
1575,-0.59,214,-42
1576,-0.59,214,-42
1577,-0.6,214,-42
1578,-0.6,214,-42
1579,-0.6,215,-41
1580,-0.61,215,-41
1581,-0.61,216,-40
1582,-0.61,216,-40
1583,-0.62,216,-40
1584,-0.62,216,-40
1585,-0.62,218,-38
1586,-0.62,218,-38
1587,-0.63,219,-37
1588,-0.63,219,-37
1589,-0.63,219,-37
1590,-0.63,221,-35
1591,-0.64,222,-34
1592,-0.64,222,-34
1593,-0.64,223,-33
1594,-0.65,223,-33
1595,-0.65,225,-31
1596,-0.65,225,-31
1597,-0.65,226,-30
1598,-0.66,227,-29
1599,-0.66,228,-28
1600,-0.66,229,-27
1601,-0.66,229,-27
1602,-0.66,229,-27
1603,-0.67,231,-25
1604,-0.67,231,-25
1605,-0.67,231,-25
1606,-0.67,232,-24
1607,-0.68,233,-23
1608,-0.68,233,-23
1609,-0.68,234,-22
1610,-0.68,234,-22
1611,-0.68,234,-22
1612,-0.69,234,-22
1613,-0.69,234,-22
1614,-0.69,234,-22
1615,-0.69,234,-22
1616,-0.69,234,-22
1617,-0.7,234,-22
1618,-0.7,233,-23
1619,-0.7,233,-23
1620,-0.7,233,-23
1621,-0.7,233,-23
1622,-0.71,233,-23
1623,-0.71,232,-24
1624,-0.71,232,-24
1625,-0.71,232,-24
1626,-0.71,232,-24
1627,-0.71,232,-24
1628,-0.71,232,-24
1629,-0.72,232,-24
1630,-0.72,232,-24
1631,-0.72,232,-24
1632,-0.72,232,-24
1633,-0.72,232,-24
1634,-0.72,232,-24
1635,-0.72,232,-24
1636,-0.73,232,-24
1637,-0.73,232,-24
1638,-0.73,232,-24
1639,-0.73,232,-24
1640,-0.73,232,-24
1641,-0.73,232,-24
1642,-0.73,232,-24
1643,-0.73,0,0
1644,-0.73,0,0
1645,-0.74,0,0
1646,-0.74,0,0
1647,-0.74,0,0
1648,-0.74,255,-1
1649,-0.74,255,-1
1650,-0.74,255,-1
1651,-0.74,255,-1
1652,-0.74,255,-1
1653,-0.74,255,-1
1654,-0.74,255,-1
1655,-0.74,255,-1
1656,-0.74,255,-1
1657,-0.75,255,-1
1658,-0.75,255,-1
1659,-0.75,254,-2
1660,-0.75,254,-2
1661,-0.75,254,-2
1662,-0.75,254,-2
1663,-0.75,254,-2
1664,-0.75,254,-2
1665,-0.75,254,-2
1666,-0.75,254,-2
1667,-0.75,254,-2
1668,-0.75,255,-1
1669,-0.75,255,-1
1670,-0.75,255,-1
1671,-0.75,255,-1
1672,-0.75,255,-1
1673,-0.75,255,-1
1674,-0.75,255,-1
1675,-0.75,255,-1
1676,-0.75,255,-1
1677,-0.75,255,-1
1678,-0.75,0,0
1679,-0.75,1,1
1680,-0.75,1,1
1681,-0.75,1,1
1682,-0.75,1,1
1683,-0.75,0,0
1684,-0.75,0,0
1685,-0.75,0,0
1686,-0.75,0,0
1687,-0.75,0,0
1688,-0.75,0,0
1689,-0.75,255,-1
1690,-0.75,255,-1
1691,-0.75,255,-1
1692,-0.74,254,-2
1693,-0.74,254,-2
1694,-0.74,254,-2
1695,-0.74,254,-2
1696,-0.74,254,-2
1697,-0.74,254,-2
1698,-0.74,254,-2
1699,-0.74,254,-2
1700,-0.74,253,-3
1701,-0.74,253,-3
1702,-0.74,253,-3
1703,-0.74,254,-2
1704,-0.74,254,-2
1705,-0.73,254,-2
1706,-0.73,254,-2
1707,-0.73,254,-2
1708,-0.73,254,-2
1709,-0.73,254,-2
1710,-0.73,254,-2
1711,-0.73,254,-2
1712,-0.73,254,-2
1713,-0.73,255,-1
1714,-0.72,255,-1
1715,-0.72,255,-1
1716,-0.72,255,-1
1717,-0.72,254,-2
1718,-0.72,254,-2
1719,-0.72,254,-2
1720,-0.72,254,-2
1721,-0.71,254,-2
1722,-0.71,254,-2
1723,-0.71,254,-2
1724,-0.71,254,-2
1725,-0.71,254,-2
1726,-0.71,253,-3
1727,-0.7,253,-3
1728,-0.7,253,-3
1729,-0.7,253,-3
1730,-0.7,253,-3
1731,-0.7,253,-3
1732,-0.7,253,-3
1733,-0.69,253,-3
1734,-0.69,253,-3
1735,-0.69,253,-3
1736,-0.69,253,-3
1737,-0.69,253,-3
1738,-0.68,253,-3
1739,-0.68,253,-3
1740,-0.68,253,-3
1741,-0.68,253,-3
1742,-0.67,253,-3
1743,-0.67,253,-3
1744,-0.67,253,-3
1745,-0.67,253,-3
1746,-0.67,253,-3
1747,-0.66,253,-3
1748,-0.66,253,-3
1749,-0.66,253,-3
1750,-0.66,253,-3
1751,-0.65,253,-3
1752,-0.65,253,-3
1753,-0.65,253,-3
1754,-0.65,253,-3
1755,-0.64,253,-3
1756,-0.64,253,-3
1757,-0.64,253,-3
1758,-0.64,253,-3
1759,-0.63,253,-3
1760,-0.63,253,-3
1761,-0.63,254,-2
1762,-0.63,254,-2
1763,-0.62,254,-2
1764,-0.62,254,-2
1765,-0.62,254,-2
1766,-0.61,254,-2
1767,-0.61,254,-2
1768,-0.61,254,-2
1769,-0.6,254,-2
1770,-0.6,254,-2
1771,-0.6,254,-2
1772,-0.6,254,-2
1773,-0.59,254,-2
1774,-0.59,254,-2
1775,-0.59,254,-2
1776,-0.58,254,-2
1777,-0.58,253,-3
1778,-0.58,253,-3
1779,-0.57,253,-3
1780,-0.57,253,-3
1781,-0.57,253,-3
1782,-0.56,253,-3
1783,-0.56,253,-3
1784,-0.56,253,-3
1785,-0.55,253,-3
1786,-0.55,253,-3
1787,-0.55,252,-4
1788,-0.54,252,-4
1789,-0.54,252,-4
1790,-0.54,252,-4
1791,-0.53,252,-4
1792,-0.53,252,-4
1793,-0.53,252,-4
1794,-0.52,253,-3
1795,-0.52,253,-3
1796,-0.52,253,-3
1797,-0.51,253,-3
1798,-0.51,253,-3
1799,-0.5,253,-3
1800,-0.5,253,-3
1801,-0.5,253,-3
1802,-0.49,253,-3
1803,-0.49,253,-3
1804,-0.49,253,-3
1805,-0.48,253,-3
1806,-0.48,253,-3
1807,-0.47,253,-3
1808,-0.47,253,-3
1809,-0.47,253,-3
1810,-0.46,253,-3
1811,-0.46,253,-3
1812,-0.45,253,-3
1813,-0.45,253,-3
1814,-0.45,253,-3
1815,-0.44,253,-3
1816,-0.44,253,-3
1817,-0.43,253,-3
1818,-0.43,253,-3
1819,-0.43,252,-4
1820,-0.42,252,-4
1821,-0.42,252,-4
1822,-0.41,252,-4
1823,-0.41,252,-4
1824,-0.4,253,-3
1825,-0.4,253,-3
1826,-0.4,253,-3
1827,-0.39,253,-3
1828,-0.39,253,-3
1829,-0.38,253,-3
1830,-0.38,253,-3
1831,-0.37,253,-3
1832,-0.37,253,-3
1833,-0.37,253,-3
1834,-0.36,253,-3
1835,-0.36,253,-3
1836,-0.35,253,-3
1837,-0.35,253,-3
1838,-0.34,253,-3
1839,-0.34,253,-3
1840,-0.34,253,-3
1841,-0.33,252,-4
1842,-0.33,252,-4
1843,-0.32,252,-4
1844,-0.32,252,-4
1845,-0.31,252,-4
1846,-0.31,252,-4
1847,-0.3,253,-3
1848,-0.3,253,-3
1849,-0.29,253,-3
1850,-0.29,253,-3
1851,-0.28,253,-3
1852,-0.28,253,-3
1853,-0.28,253,-3
1854,-0.27,253,-3
1855,-0.27,253,-3
1856,-0.26,253,-3
1857,-0.26,253,-3
1858,-0.25,253,-3
1859,-0.25,253,-3
1860,-0.24,253,-3
1861,-0.24,254,-2
1862,-0.23,254,-2
1863,-0.23,254,-2
1864,-0.22,254,-2
1865,-0.22,254,-2
1866,-0.21,254,-2
1867,-0.21,254,-2
1868,-0.2,254,-2
1869,-0.2,254,-2
1870,-0.19,254,-2
1871,-0.19,254,-2
1872,-0.18,253,-3
1873,-0.18,253,-3
1874,-0.18,253,-3
1875,-0.17,253,-3
1876,-0.17,253,-3
1877,-0.16,253,-3
1878,-0.16,253,-3
1879,-0.15,253,-3
1880,-0.15,253,-3
1881,-0.14,253,-3
1882,-0.14,253,-3
1883,-0.13,253,-3
1884,-0.13,253,-3
1885,-0.12,253,-3
1886,-0.12,253,-3
1887,-0.11,253,-3
1888,-0.11,253,-3
1889,-0.1,253,-3
1890,-0.1,253,-3
1891,-0.09,253,-3
1892,-0.09,253,-3
1893,-0.08,253,-3
1894,-0.08,253,-3
1895,-0.07,253,-3
1896,-0.07,253,-3
1897,-0.06,253,-3
1898,-0.06,253,-3
1899,-0.05,253,-3
1900,-0.05,253,-3
1901,-0.04,253,-3
1902,-0.04,253,-3
1903,-0.03,253,-3
1904,-0.03,253,-3
1905,-0.02,253,-3
1906,-0.02,253,-3
1907,-0.01,253,-3
1908,-0.01,253,-3
1909,0,253,-3
1910,0,253,-3
1911,0.01,253,-3
1912,0.01,253,-3
1913,0.02,253,-3
1914,0.02,253,-3
1915,0.03,253,-3
1916,0.03,253,-3
1917,0.04,253,-3
1918,0.04,253,-3
1919,0.05,253,-3
1920,0.05,253,-3
1921,0.06,253,-3
1922,0.06,253,-3
1923,0.07,253,-3
1924,0.07,253,-3
1925,0.08,253,-3
1926,0.08,253,-3
1927,0.09,253,-3
1928,0.09,253,-3
1929,0.1,253,-3
1930,0.1,253,-3
1931,0.11,253,-3
1932,0.11,253,-3
1933,0.12,253,-3
1934,0.12,253,-3
1935,0.13,253,-3
1936,0.13,253,-3
1937,0.14,253,-3
1938,0.14,253,-3
1939,0.15,253,-3
1940,0.15,253,-3
1941,0.16,253,-3
1942,0.16,253,-3
1943,0.16,253,-3
1944,0.17,253,-3
1945,0.17,253,-3
1946,0.18,254,-2
1947,0.18,254,-2
1948,0.19,254,-2
1949,0.19,254,-2
1950,0.2,254,-2
1951,0.2,254,-2
1952,0.21,254,-2
1953,0.21,254,-2
1954,0.22,254,-2
1955,0.22,254,-2
1956,0.23,254,-2
1957,0.23,254,-2
1958,0.24,253,-3
1959,0.24,253,-3
1960,0.25,253,-3
1961,0.25,253,-3
1962,0.25,253,-3
1963,0.26,253,-3
1964,0.26,253,-3
1965,0.27,253,-3
1966,0.27,253,-3
1967,0.28,254,-2
1968,0.28,254,-2
1969,0.29,254,-2
1970,0.29,254,-2
1971,0.3,254,-2
1972,0.3,254,-2
1973,0.3,254,-2
1974,0.31,254,-2
1975,0.31,254,-2
1976,0.32,254,-2
1977,0.32,254,-2
1978,0.33,254,-2
1979,0.33,254,-2
1980,0.34,254,-2
1981,0.34,254,-2
1982,0.34,254,-2
1983,0.35,254,-2
1984,0.35,254,-2
1985,0.36,254,-2
1986,0.36,254,-2
1987,0.37,254,-2
1988,0.37,254,-2
1989,0.38,254,-2
1990,0.38,254,-2
1991,0.38,254,-2
1992,0.39,254,-2
1993,0.39,254,-2
1994,0.4,254,-2
1995,0.4,254,-2
1996,0.4,254,-2
1997,0.41,254,-2
1998,0.41,254,-2
1999,0.42,254,-2
2000,0.42,254,-2
2001,0.43,254,-2
2002,0.43,254,-2
2003,0.43,254,-2
2004,0.44,254,-2
2005,0.44,254,-2
2006,0.45,254,-2
2007,0.45,254,-2
2008,0.45,254,-2
2009,0.46,254,-2
2010,0.46,254,-2
2011,0.46,254,-2
2012,0.47,254,-2
2013,0.47,254,-2
2014,0.48,254,-2
2015,0.48,254,-2
2016,0.48,254,-2
2017,0.49,254,-2
2018,0.49,254,-2
2019,0.49,254,-2
2020,0.5,254,-2
2021,0.5,254,-2
2022,0.51,254,-2
2023,0.51,254,-2
2024,0.51,254,-2
2025,0.52,254,-2
2026,0.52,254,-2
2027,0.52,254,-2
2028,0.53,254,-2
2029,0.53,254,-2
2030,0.53,254,-2
2031,0.54,254,-2
2032,0.54,254,-2
2033,0.54,254,-2
2034,0.55,254,-2
2035,0.55,254,-2
2036,0.55,254,-2
2037,0.56,254,-2
2038,0.56,254,-2
2039,0.56,254,-2
2040,0.57,254,-2
2041,0.57,254,-2
2042,0.57,254,-2
2043,0.58,254,-2
2044,0.58,254,-2
2045,0.58,254,-2
2046,0.59,254,-2
2047,0.59,254,-2
2048,0.59,254,-2
2049,0.6,254,-2
2050,0.6,254,-2
2051,0.6,254,-2
2052,0.6,254,-2
2053,0.61,254,-2
2054,0.61,254,-2
2055,0.61,254,-2
2056,0.62,254,-2
2057,0.62,254,-2
2058,0.62,254,-2
2059,0.62,254,-2
2060,0.63,254,-2
2061,0.63,254,-2
2062,0.63,254,-2
2063,0.63,254,-2
2064,0.64,254,-2
2065,0.64,254,-2
2066,0.64,254,-2
2067,0.65,254,-2
2068,0.65,254,-2
2069,0.65,254,-2
2070,0.65,254,-2
2071,0.66,254,-2
2072,0.66,254,-2
2073,0.66,254,-2
2074,0.66,254,-2
2075,0.66,254,-2
2076,0.67,254,-2
2077,0.67,254,-2
2078,0.67,254,-2
2079,0.67,254,-2
2080,0.68,254,-2
2081,0.68,254,-2
2082,0.68,254,-2
2083,0.68,254,-2
2084,0.68,254,-2
2085,0.69,254,-2
2086,0.69,254,-2
2087,0.69,254,-2
2088,0.69,254,-2
2089,0.69,254,-2
2090,0.7,254,-2
2091,0.7,254,-2
2092,0.7,254,-2
2093,0.7,254,-2
2094,0.7,254,-2
2095,0.7,254,-2
2096,0.71,254,-2
2097,0.71,254,-2
2098,0.71,254,-2
2099,0.71,254,-2
2100,0.71,254,-2
2101,0.71,254,-2
2102,0.72,254,-2
2103,0.72,254,-2
2104,0.72,254,-2
2105,0.72,254,-2
2106,0.72,254,-2
2107,0.72,254,-2
2108,0.72,254,-2
2109,0.72,254,-2
2110,0.73,254,-2
2111,0.73,254,-2
2112,0.73,254,-2
2113,0.73,254,-2
2114,0.73,254,-2
2115,0.73,254,-2
2116,0.73,254,-2
2117,0.73,254,-2
2118,0.74,254,-2
2119,0.74,254,-2
2120,0.74,254,-2
2121,0.74,254,-2
2122,0.74,254,-2
2123,0.74,254,-2
2124,0.74,254,-2
2125,0.74,254,-2
2126,0.74,254,-2
2127,0.74,254,-2
2128,0.74,254,-2
2129,0.74,254,-2
2130,0.74,254,-2
2131,0.75,254,-2
2132,0.75,254,-2
2133,0.75,254,-2
2134,0.75,254,-2
2135,0.75,254,-2
2136,0.75,254,-2
2137,0.75,254,-2
2138,0.75,254,-2
2139,0.75,254,-2
2140,0.75,254,-2
2141,0.75,246,-10
2142,0.75,247,-9
2143,0.75,247,-9
2144,0.75,248,-8
2145,0.75,248,-8
2146,0.75,248,-8
2147,0.75,248,-8
2148,0.75,248,-8
2149,0.75,249,-7
2150,0.75,249,-7
2151,0.75,249,-7
2152,0.75,249,-7
2153,0.75,249,-7
2154,0.75,249,-7
2155,0.75,250,-6
2156,0.75,250,-6
2157,0.75,250,-6
2158,0.75,250,-6
2159,0.75,250,-6
2160,0.75,250,-6
2161,0.75,250,-6
2162,0.75,250,-6
2163,0.75,250,-6
2164,0.75,250,-6
2165,0.75,250,-6
2166,0.75,250,-6
2167,0.74,250,-6
2168,0.74,250,-6
2169,0.74,250,-6
2170,0.74,250,-6
2171,0.74,250,-6
2172,0.74,250,-6
2173,0.74,250,-6
2174,0.74,250,-6
2175,0.74,250,-6
2176,0.74,250,-6
2177,0.74,250,-6
2178,0.74,250,-6
2179,0.73,250,-6
2180,0.73,250,-6
2181,0.73,250,-6
2182,0.73,250,-6
2183,0.73,250,-6
2184,0.73,250,-6
2185,0.73,250,-6
2186,0.73,250,-6
2187,0.73,250,-6
2188,0.72,250,-6
